Workbook

Sheet README
A1: Project: Pair Trading Strategy
A3: Compatibility Note:
A4: This file is optimized for Google Sheets.
A5: If you are using Microsoft Excel and encounter formula errors:
A6: 1. Excel may automatically insert "@" symbols into formulas.
A7: 2. If formulas fail, try removing the "@" symbol from the formula bar.
A8: 3. Ensure your Excel regional settings use the correct list separator (comma or semicolon).

Sheet Inputs
A1: EMA Window | B1: 20
A2: Entry Z-Score | B2: 0.75
A3: Exit Z-Score | B3: 0.25
A4: Trading Cost | B4: 0.0015
A5: Risk Free Rate | B5: 0.04

Sheet Strategy
A1: Date | B1: TQQQ | C1: LQQ3_USD | D1: Ratio | E1: EMA | F1: StdDev | G1: Z_Score | H1: Signal | I1: Return | J1: Equity | K1: TQQQ_Ret | L1: Peak | M1: Drawdown
A2: 2024-04-11 | B2: 29.3011 | C2: 180.12314 | D2: =B2/C2 -> 0 | E2: =D2 -> 0 | F2: 0 | H2: 0 | J2: 1 | L2: 1
A3: 2024-04-12 | B3: 29.4339 | C3: 181.53825 | D3: =B3/C3 -> 0 | E3: =(D3*(2/(Inputs!$B$1+1)))+(E2*(1-(2/(Inputs!$B$1+1)))) -> 0 | F3: =STDEV.S(OFFSET(D3, -(MIN(Inputs!$B$1, ROW()-1)-1), 0, MIN(Inputs!$B$1, ROW()-1), 1)) -> 0 | G3: =IF(F3=0, 0, (D3-E3)/F3) -> 0 | H3: =IF(H2=0, IF(G3>Inputs!$B$2, -1, IF(G3<-Inputs!$B$2, 1, 0)), IF(AND(H2=1, G3>-Inputs!$B$3), 0, IF(AND(H2=-1, G3<Inputs!$B$3), 0, H2))) -> 0 | I3: =(((B3/B2)-(C3/C2))*H2)-IF(H3<>H2, Inputs!$B$4, 0) -> 0 | J3: =J2*(1+I3) -> 0 | K3: =(B3-B2)/B2 -> 0 | L3: =MAX(J$2:J3) -> 0 | M3: =(J3-L3)/L3 -> 0
A4: 2024-04-15 | B4: 29.5913 | C4: 181.55322 | D4: =B4/C4 -> 0 | E4: =(D4*(2/(Inputs!$B$1+1)))+(E3*(1-(2/(Inputs!$B$1+1)))) -> 0 | F4: =STDEV.S(OFFSET(D4, -(MIN(Inputs!$B$1, ROW()-1)-1), 0, MIN(Inputs!$B$1, ROW()-1), 1)) -> 0 | G4: =IF(F4=0, 0, (D4-E4)/F4) -> 0 | H4: =IF(H3=0, IF(G4>Inputs!$B$2, -1, IF(G4<-Inputs!$B$2, 1, 0)), IF(AND(H3=1, G4>-Inputs!$B$3), 0, IF(AND(H3=-1, G4<Inputs!$B$3), 0, H3))) -> 0 | I4: =(((B4/B3)-(C4/C3))*H3)-IF(H4<>H3, Inputs!$B$4, 0) -> 0 | J4: =J3*(1+I4) -> 0 | K4: =(B4-B3)/B3 -> 0 | L4: =MAX(J$2:J4) -> 0 | M4: =(J4-L4)/L4 -> 0
A5: 2024-04-16 | B5: 27.3743 | C5: 168.61847 | D5: =B5/C5 -> 0 | E5: =(D5*(2/(Inputs!$B$1+1)))+(E4*(1-(2/(Inputs!$B$1+1)))) -> 0 | F5: =STDEV.S(OFFSET(D5, -(MIN(Inputs!$B$1, ROW()-1)-1), 0, MIN(Inputs!$B$1, ROW()-1), 1)) -> 0 | G5: =IF(F5=0, 0, (D5-E5)/F5) -> 0 | H5: =IF(H4=0, IF(G5>Inputs!$B$2, -1, IF(G5<-Inputs!$B$2, 1, 0)), IF(AND(H4=1, G5>-Inputs!$B$3), 0, IF(AND(H4=-1, G5<Inputs!$B$3), 0, H4))) -> 0 | I5: =(((B5/B4)-(C5/C4))*H4)-IF(H5<>H4, Inputs!$B$4, 0) -> 0 | J5: =J4*(1+I5) -> 0 | K5: =(B5-B4)/B4 -> 0 | L5: =MAX(J$2:J5) -> 0 | M5: =(J5-L5)/L5 -> 0
A6: 2024-04-17 | B6: 27.7921 | C6: 170.81949 | D6: =B6/C6 -> 0 | E6: =(D6*(2/(Inputs!$B$1+1)))+(E5*(1-(2/(Inputs!$B$1+1)))) -> 0 | F6: =STDEV.S(OFFSET(D6, -(MIN(Inputs!$B$1, ROW()-1)-1), 0, MIN(Inputs!$B$1, ROW()-1), 1)) -> 0 | G6: =IF(F6=0, 0, (D6-E6)/F6) -> 0 | H6: =IF(H5=0, IF(G6>Inputs!$B$2, -1, IF(G6<-Inputs!$B$2, 1, 0)), IF(AND(H5=1, G6>-Inputs!$B$3), 0, IF(AND(H5=-1, G6<Inputs!$B$3), 0, H5))) -> 0 | I6: =(((B6/B5)-(C6/C5))*H5)-IF(H6<>H5, Inputs!$B$4, 0) -> 0 | J6: =J5*(1+I6) -> 0 | K6: =(B6-B5)/B5 -> 0 | L6: =MAX(J$2:J6) -> 0 | M6: =(J6-L6)/L6 -> 0
A7: 2024-04-18 | B7: 26.4895 | C7: 163.60637 | D7: =B7/C7 -> 0 | E7: =(D7*(2/(Inputs!$B$1+1)))+(E6*(1-(2/(Inputs!$B$1+1)))) -> 0 | F7: =STDEV.S(OFFSET(D7, -(MIN(Inputs!$B$1, ROW()-1)-1), 0, MIN(Inputs!$B$1, ROW()-1), 1)) -> 0 | G7: =IF(F7=0, 0, (D7-E7)/F7) -> 0 | H7: =IF(H6=0, IF(G7>Inputs!$B$2, -1, IF(G7<-Inputs!$B$2, 1, 0)), IF(AND(H6=1, G7>-Inputs!$B$3), 0, IF(AND(H6=-1, G7<Inputs!$B$3), 0, H6))) -> 0 | I7: =(((B7/B6)-(C7/C6))*H6)-IF(H7<>H6, Inputs!$B$4, 0) -> 0 | J7: =J6*(1+I7) -> 0 | K7: =(B7-B6)/B6 -> 0 | L7: =MAX(J$2:J7) -> 0 | M7: =(J7-L7)/L7 -> 0
A8: 2024-04-19 | B8: 25.6981 | C8: 158.34874 | D8: =B8/C8 -> 0 | E8: =(D8*(2/(Inputs!$B$1+1)))+(E7*(1-(2/(Inputs!$B$1+1)))) -> 0 | F8: =STDEV.S(OFFSET(D8, -(MIN(Inputs!$B$1, ROW()-1)-1), 0, MIN(Inputs!$B$1, ROW()-1), 1)) -> 0 | G8: =IF(F8=0, 0, (D8-E8)/F8) -> 0 | H8: =IF(H7=0, IF(G8>Inputs!$B$2, -1, IF(G8<-Inputs!$B$2, 1, 0)), IF(AND(H7=1, G8>-Inputs!$B$3), 0, IF(AND(H7=-1, G8<Inputs!$B$3), 0, H7))) -> 0 | I8: =(((B8/B7)-(C8/C7))*H7)-IF(H8<>H7, Inputs!$B$4, 0) -> 0 | J8: =J7*(1+I8) -> 0 | K8: =(B8-B7)/B7 -> 0 | L8: =MAX(J$2:J8) -> 0 | M8: =(J8-L8)/L8 -> 0
A9: 2024-04-22 | B9: 24.7642 | C9: 153.27569 | D9: =B9/C9 -> 0 | E9: =(D9*(2/(Inputs!$B$1+1)))+(E8*(1-(2/(Inputs!$B$1+1)))) -> 0 | F9: =STDEV.S(OFFSET(D9, -(MIN(Inputs!$B$1, ROW()-1)-1), 0, MIN(Inputs!$B$1, ROW()-1), 1)) -> 0 | G9: =IF(F9=0, 0, (D9-E9)/F9) -> 0 | H9: =IF(H8=0, IF(G9>Inputs!$B$2, -1, IF(G9<-Inputs!$B$2, 1, 0)), IF(AND(H8=1, G9>-Inputs!$B$3), 0, IF(AND(H8=-1, G9<Inputs!$B$3), 0, H8))) -> 0 | I9: =(((B9/B8)-(C9/C8))*H8)-IF(H9<>H8, Inputs!$B$4, 0) -> 0 | J9: =J8*(1+I9) -> 0 | K9: =(B9-B8)/B8 -> 0 | L9: =MAX(J$2:J9) -> 0 | M9: =(J9-L9)/L9 -> 0
A10: 2024-04-23 | B10: 25.3737 | C10: 156.11295 | D10: =B10/C10 -> 0 | E10: =(D10*(2/(Inputs!$B$1+1)))+(E9*(1-(2/(Inputs!$B$1+1)))) -> 0 | F10: =STDEV.S(OFFSET(D10, -(MIN(Inputs!$B$1, ROW()-1)-1), 0, MIN(Inputs!$B$1, ROW()-1), 1)) -> 0 | G10: =IF(F10=0, 0, (D10-E10)/F10) -> 0 | H10: =IF(H9=0, IF(G10>Inputs!$B$2, -1, IF(G10<-Inputs!$B$2, 1, 0)), IF(AND(H9=1, G10>-Inputs!$B$3), 0, IF(AND(H9=-1, G10<Inputs!$B$3), 0, H9))) -> 0 | I10: =(((B10/B9)-(C10/C9))*H9)-IF(H10<>H9, Inputs!$B$4, 0) -> 0 | J10: =J9*(1+I10) -> 0 | K10: =(B10-B9)/B9 -> 0 | L10: =MAX(J$2:J10) -> 0 | M10: =(J10-L10)/L10 -> 0
A11: 2024-04-24 | B11: 26.7008 | C11: 163.73672 | D11: =B11/C11 -> 0 | E11: =(D11*(2/(Inputs!$B$1+1)))+(E10*(1-(2/(Inputs!$B$1+1)))) -> 0 | F11: =STDEV.S(OFFSET(D11, -(MIN(Inputs!$B$1, ROW()-1)-1), 0, MIN(Inputs!$B$1, ROW()-1), 1)) -> 0 | G11: =IF(F11=0, 0, (D11-E11)/F11) -> 0 | H11: =IF(H10=0, IF(G11>Inputs!$B$2, -1, IF(G11<-Inputs!$B$2, 1, 0)), IF(AND(H10=1, G11>-Inputs!$B$3), 0, IF(AND(H10=-1, G11<Inputs!$B$3), 0, H10))) -> 0 | I11: =(((B11/B10)-(C11/C10))*H10)-IF(H11<>H10, Inputs!$B$4, 0) -> 0 | J11: =J10*(1+I11) -> 0 | K11: =(B11-B10)/B10 -> 0 | L11: =MAX(J$2:J11) -> 0 | M11: =(J11-L11)/L11 -> 0
A12: 2024-04-25 | B12: 25.0197 | C12: 154.2329 | D12: =B12/C12 -> 0 | E12: =(D12*(2/(Inputs!$B$1+1)))+(E11*(1-(2/(Inputs!$B$1+1)))) -> 0 | F12: =STDEV.S(OFFSET(D12, -(MIN(Inputs!$B$1, ROW()-1)-1), 0, MIN(Inputs!$B$1, ROW()-1), 1)) -> 0 | G12: =IF(F12=0, 0, (D12-E12)/F12) -> 0 | H12: =IF(H11=0, IF(G12>Inputs!$B$2, -1, IF(G12<-Inputs!$B$2, 1, 0)), IF(AND(H11=1, G12>-Inputs!$B$3), 0, IF(AND(H11=-1, G12<Inputs!$B$3), 0, H11))) -> 0 | I12: =(((B12/B11)-(C12/C11))*H11)-IF(H12<>H11, Inputs!$B$4, 0) -> 0 | J12: =J11*(1+I12) -> 0 | K12: =(B12-B11)/B11 -> 0 | L12: =MAX(J$2:J12) -> 0 | M12: =(J12-L12)/L12 -> 0
A13: 2024-04-26 | B13: 26.5584 | C13: 164.72575 | D13: =B13/C13 -> 0 | E13: =(D13*(2/(Inputs!$B$1+1)))+(E12*(1-(2/(Inputs!$B$1+1)))) -> 0 | F13: =STDEV.S(OFFSET(D13, -(MIN(Inputs!$B$1, ROW()-1)-1), 0, MIN(Inputs!$B$1, ROW()-1), 1)) -> 0 | G13: =IF(F13=0, 0, (D13-E13)/F13) -> 0 | H13: =IF(H12=0, IF(G13>Inputs!$B$2, -1, IF(G13<-Inputs!$B$2, 1, 0)), IF(AND(H12=1, G13>-Inputs!$B$3), 0, IF(AND(H12=-1, G13<Inputs!$B$3), 0, H12))) -> 0 | I13: =(((B13/B12)-(C13/C12))*H12)-IF(H13<>H12, Inputs!$B$4, 0) -> 0 | J13: =J12*(1+I13) -> 0 | K13: =(B13-B12)/B12 -> 0 | L13: =MAX(J$2:J13) -> 0 | M13: =(J13-L13)/L13 -> 0
A14: 2024-04-30 | B14: 27.1825 | C14: 170.27064 | D14: =B14/C14 -> 0 | E14: =(D14*(2/(Inputs!$B$1+1)))+(E13*(1-(2/(Inputs!$B$1+1)))) -> 0 | F14: =STDEV.S(OFFSET(D14, -(MIN(Inputs!$B$1, ROW()-1)-1), 0, MIN(Inputs!$B$1, ROW()-1), 1)) -> 0 | G14: =IF(F14=0, 0, (D14-E14)/F14) -> 0 | H14: =IF(H13=0, IF(G14>Inputs!$B$2, -1, IF(G14<-Inputs!$B$2, 1, 0)), IF(AND(H13=1, G14>-Inputs!$B$3), 0, IF(AND(H13=-1, G14<Inputs!$B$3), 0, H13))) -> 0 | I14: =(((B14/B13)-(C14/C13))*H13)-IF(H14<>H13, Inputs!$B$4, 0) -> 0 | J14: =J13*(1+I14) -> 0 | K14: =(B14-B13)/B13 -> 0 | L14: =MAX(J$2:J14) -> 0 | M14: =(J14-L14)/L14 -> 0
... A406: 2026-03-20 | B406: 44.1 | C406: 258.22482 | D406: =B406/C406 -> 0 | E406: =(D406*(2/(Inputs!$B$1+1)))+(E405*(1-(2/(Inputs!$B$1+1)))) -> 0 | F406: =STDEV.S(OFFSET(D406, -(MIN(Inputs!$B$1, ROW()-1)-1), 0, MIN(Inputs!$B$1, ROW()-1), 1)) -> 0 | G406: =IF(F406=0, 0, (D406-E406)/F406) -> 0 | H406: =IF(H405=0, IF(G406>Inputs!$B$2, -1, IF(G406<-Inputs!$B$2, 1, 0)), IF(AND(H405=1, G406>-Inputs!$B$3), 0, IF(AND(H405=-1, G406<Inputs!$B$3), 0, H405))) -> 0 | I406: =(((B406/B405)-(C406/C405))*H405)-IF(H406<>H405, Inputs!$B$4, 0) -> 0 | J406: =J405*(1+I406) -> 0 | K406: =(B406-B405)/B405 -> 0 | L406: =MAX(J$2:J406) -> 0 | M406: =(J406-L406)/L406 -> 0

Sheet Summary
A1: Metric | B1: Value
A2: Total Strategy Return | B2: ='Strategy'!J406-1 -> 0
A3: Annualized Return | B3: =((1+B2)^(252/405))-1 -> 0
A4: Annualized Volatility | B4: =STDEV.P('Strategy'!I2:I406)*SQRT(252) -> 0
A5: Sharpe Ratio | B5: =(B3-Inputs!B5)/B4 -> 0
A6: Max Drawdown | B6: =MIN('Strategy'!M2:M406) -> 0
A7: --- Greeks vs TQQQ ---
A8: Beta | B8: =COVARIANCE.P('Strategy'!I2:I406, 'Strategy'!K2:K406)/VAR.P('Strategy'!K2:K406) -> 0
A9: Correlation | B9: =CORREL('Strategy'!I2:I406, 'Strategy'!K2:K406) -> 0
A10: Alpha (Annualized) | B10: =B3 - (Inputs!B5 + B8 * (((B406/B2)^(252/405))-1 - Inputs!B5)) -> 0
A11: --- Trade Stats ---
A12: Long USD Trades | B12: =COUNTIFS('Strategy'!H2:H406, 1, 'Strategy'!H1:H405, 0) -> 0
A13: Long GBP Trades | B13: =COUNTIFS('Strategy'!H2:H406, -1, 'Strategy'!H1:H405, 0) -> 0
